d13C,d15N,pctC,pctN
0.5132337458543783,0.04250235059338,0.7971617829545892,0.13419015679830176
0.011185805598419307,-0.10483415666902296,1.0534904553871556,0.032877555296217054
